year,month,value,date
1850,january,-0.675,1850-01
1850,february,-0.333,1850-02
1850,march,-0.591,1850-03
1850,april,-0.589,1850-04
1850,may,-0.508,1850-05
1850,june,-0.344,1850-06
1850,july,-0.16,1850-07
1850,august,-0.208,1850-08
1850,september,-0.385,1850-09
1850,october,-0.533,1850-10
1850,november,-0.283,1850-11
1850,december,-0.404,1850-12
1851,january,-0.201,1851-01
1851,february,-0.469,1851-02
1851,march,-0.646,1851-03
1851,april,-0.542,1851-04
1851,may,-0.198,1851-05
1851,june,-0.137,1851-06
1851,july,-0.097,1851-07
1851,august,-0.102,1851-08
1851,september,-0.091,1851-09
1851,october,-0.008,1851-10
1851,november,-0.082,1851-11
1851,december,-0.228,1851-12
1852,january,-0.375,1852-01
1852,february,-0.477,1852-02
1852,march,-0.56,1852-03
1852,april,-0.585,1852-04
1852,may,-0.127,1852-05
1852,june,-0.084,1852-06
1852,july,0.005,1852-07
1852,august,-0.136,1852-08
1852,september,-0.002,1852-09
1852,october,-0.172,1852-10
1852,november,-0.305,1852-11
1852,december,0.065,1852-12
1853,january,-0.233,1853-01
1853,february,-0.404,1853-02
1853,march,-0.28,1853-03
1853,april,-0.386,1853-04
1853,may,-0.268,1853-05
1853,june,-0.142,1853-06
1853,july,-0.083,1853-07
1853,august,-0.057,1853-08
1853,september,-0.25,1853-09
1853,october,-0.392,1853-10
1853,november,-0.411,1853-11
1853,december,-0.337,1853-12
1854,january,-0.381,1854-01
1854,february,-0.361,1854-02
1854,march,-0.243,1854-03
1854,april,-0.334,1854-04
1854,may,-0.291,1854-05
1854,june,-0.299,1854-06
1854,july,-0.179,1854-07
1854,august,-0.239,1854-08
1854,september,-0.217,1854-09
1854,october,-0.095,1854-10
1854,november,-0.41,1854-11
1854,december,-0.45,1854-12
1855,january,-0.159,1855-01
1855,february,-0.313,1855-02
1855,march,-0.344,1855-03
1855,april,-0.218,1855-04
1855,may,-0.388,1855-05
1855,june,-0.333,1855-06
1855,july,-0.333,1855-07
1855,august,-0.2,1855-08
1855,september,-0.271,1855-09
1855,october,-0.195,1855-10
1855,november,-0.389,1855-11
1855,december,-0.42,1855-12
1856,january,-0.076,1856-01
1856,february,-0.337,1856-02
1856,march,-0.358,1856-03
1856,april,-0.316,1856-04
1856,may,-0.285,1856-05
1856,june,-0.214,1856-06
1856,july,-0.225,1856-07
1856,august,-0.238,1856-08
1856,september,-0.388,1856-09
1856,october,-0.438,1856-10
1856,november,-0.552,1856-11
1856,december,-0.418,1856-12
1857,january,-0.495,1857-01
1857,february,-0.435,1857-02
1857,march,-0.479,1857-03
1857,april,-0.644,1857-04
1857,may,-0.659,1857-05
1857,june,-0.304,1857-06
1857,july,-0.411,1857-07
1857,august,-0.369,1857-08
1857,september,-0.38,1857-09
1857,october,-0.473,1857-10
1857,november,-0.685,1857-11
1857,december,-0.274,1857-12
1858,january,-0.295,1858-01
1858,february,-0.477,1858-02
1858,march,-0.548,1858-03
1858,april,-0.428,1858-04
1858,may,-0.532,1858-05
1858,june,-0.38,1858-06
1858,july,-0.336,1858-07
1858,august,-0.278,1858-08
1858,september,-0.283,1858-09
1858,october,-0.289,1858-10
1858,november,-0.366,1858-11
1858,december,-0.455,1858-12
1859,january,-0.381,1859-01
1859,february,-0.344,1859-02
1859,march,-0.314,1859-03
1859,april,-0.157,1859-04
1859,may,-0.152,1859-05
1859,june,-0.25,1859-06
1859,july,-0.312,1859-07
1859,august,-0.245,1859-08
1859,september,-0.394,1859-09
1859,october,-0.255,1859-10
1859,november,-0.288,1859-11
1859,december,-0.284,1859-12
1860,january,-0.391,1860-01
1860,february,-0.468,1860-02
1860,march,-0.786,1860-03
1860,april,-0.306,1860-04
1860,may,-0.364,1860-05
1860,june,-0.211,1860-06
1860,july,-0.185,1860-07
1860,august,-0.114,1860-08
1860,september,-0.131,1860-09
1860,october,-0.346,1860-10
1860,november,-0.605,1860-11
1860,december,-0.774,1860-12
1861,january,-0.918,1861-01
1861,february,-0.625,1861-02
1861,march,-0.416,1861-03
1861,april,-0.386,1861-04
1861,may,-0.661,1861-05
1861,june,-0.252,1861-06
1861,july,-0.298,1861-07
1861,august,-0.041,1861-08
1861,september,-0.27,1861-09
1861,october,-0.477,1861-10
1861,november,-0.458,1861-11
1861,december,-0.351,1861-12
1862,january,-0.825,1862-01
1862,february,-0.716,1862-02
1862,march,-0.535,1862-03
1862,april,-0.522,1862-04
1862,may,-0.348,1862-05
1862,june,-0.307,1862-06
1862,july,-0.345,1862-07
1862,august,-0.456,1862-08
1862,september,-0.362,1862-09
1862,october,-0.449,1862-10
1862,november,-0.678,1862-11
1862,december,-0.895,1862-12
1863,january,-0.076,1863-01
1863,february,-0.25,1863-02
1863,march,-0.355,1863-03
1863,april,-0.288,1863-04
1863,may,-0.384,1863-05
1863,june,-0.369,1863-06
1863,july,-0.312,1863-07
1863,august,-0.297,1863-08
1863,september,-0.352,1863-09
1863,october,-0.504,1863-10
1863,november,-0.441,1863-11
1863,december,-0.503,1863-12
1864,january,-0.853,1864-01
1864,february,-0.593,1864-02
1864,march,-0.499,1864-03
1864,april,-0.544,1864-04
1864,may,-0.323,1864-05
1864,june,-0.113,1864-06
1864,july,-0.26,1864-07
1864,august,-0.308,1864-08
1864,september,-0.443,1864-09
1864,october,-0.603,1864-10
1864,november,-0.456,1864-11
1864,december,-0.59,1864-12
1865,january,-0.176,1865-01
1865,february,-0.467,1865-02
1865,march,-0.661,1865-03
1865,april,-0.448,1865-04
1865,may,-0.378,1865-05
1865,june,-0.196,1865-06
1865,july,-0.216,1865-07
1865,august,-0.212,1865-08
1865,september,-0.171,1865-09
1865,october,-0.269,1865-10
1865,november,-0.337,1865-11
1865,december,-0.461,1865-12
1866,january,-0.132,1866-01
1866,february,-0.401,1866-02
1866,march,-0.682,1866-03
1866,april,-0.454,1866-04
1866,may,-0.572,1866-05
1866,june,-0.099,1866-06
1866,july,-0.009,1866-07
1866,august,-0.249,1866-08
1866,september,-0.378,1866-09
1866,october,-0.421,1866-10
1866,november,-0.298,1866-11
1866,december,-0.4,1866-12
1867,january,-0.405,1867-01
1867,february,-0.354,1867-02
1867,march,-0.681,1867-03
1867,april,-0.421,1867-04
1867,may,-0.574,1867-05
1867,june,-0.35,1867-06
1867,july,-0.253,1867-07
1867,august,-0.33,1867-08
1867,september,-0.148,1867-09
1867,october,-0.125,1867-10
1867,november,-0.196,1867-11
1867,december,-0.445,1867-12
1868,january,-0.685,1868-01
1868,february,-0.693,1868-02
1868,march,-0.335,1868-03
1868,april,-0.363,1868-04
1868,may,-0.286,1868-05
1868,june,-0.298,1868-06
1868,july,-0.06,1868-07
1868,august,-0.193,1868-08
1868,september,-0.345,1868-09
1868,october,-0.23,1868-10
1868,november,-0.423,1868-11
1868,december,-0.314,1868-12
1869,january,-0.336,1869-01
1869,february,0.131,1869-02
1869,march,-0.626,1869-03
1869,april,-0.406,1869-04
1869,may,-0.31,1869-05
1869,june,-0.385,1869-06
1869,july,-0.417,1869-07
1869,august,-0.168,1869-08
1869,september,-0.172,1869-09
1869,october,-0.293,1869-10
1869,november,-0.282,1869-11
1869,december,-0.537,1869-12
1870,january,-0.211,1870-01
1870,february,-0.454,1870-02
1870,march,-0.498,1870-03
1870,april,-0.333,1870-04
1870,may,-0.298,1870-05
1870,june,-0.231,1870-06
1870,july,-0.073,1870-07
1870,august,-0.258,1870-08
1870,september,-0.202,1870-09
1870,october,-0.443,1870-10
1870,november,-0.266,1870-11
1870,december,-0.666,1870-12
1871,january,-0.558,1871-01
1871,february,-0.672,1871-02
1871,march,-0.172,1871-03
1871,april,-0.222,1871-04
1871,may,-0.362,1871-05
1871,june,-0.286,1871-06
1871,july,-0.082,1871-07
1871,august,-0.322,1871-08
1871,september,-0.361,1871-09
1871,october,-0.373,1871-10
1871,november,-0.523,1871-11
1871,december,-0.489,1871-12
1872,january,-0.599,1872-01
1872,february,-0.62,1872-02
1872,march,-0.524,1872-03
1872,april,-0.385,1872-04
1872,may,-0.142,1872-05
1872,june,-0.279,1872-06
1872,july,-0.146,1872-07
1872,august,0.009,1872-08
1872,september,-0.176,1872-09
1872,october,-0.204,1872-10
1872,november,-0.322,1872-11
1872,december,-0.548,1872-12
1873,january,-0.262,1873-01
1873,february,-0.283,1873-02
1873,march,-0.409,1873-03
1873,april,-0.481,1873-04
1873,may,-0.351,1873-05
1873,june,-0.321,1873-06
1873,july,-0.176,1873-07
1873,august,-0.228,1873-08
1873,september,-0.405,1873-09
1873,october,-0.391,1873-10
1873,november,-0.463,1873-11
1873,december,-0.328,1873-12
1874,january,-0.199,1874-01
1874,february,-0.438,1874-02
1874,march,-0.673,1874-03
1874,april,-0.437,1874-04
1874,may,-0.334,1874-05
1874,june,-0.566,1874-06
1874,july,-0.167,1874-07
1874,august,-0.296,1874-08
1874,september,-0.168,1874-09
1874,october,-0.471,1874-10
1874,november,-0.418,1874-11
1874,december,-0.312,1874-12
1875,january,-0.571,1875-01
1875,february,-0.479,1875-02
1875,march,-0.564,1875-03
1875,april,-0.358,1875-04
1875,may,-0.273,1875-05
1875,june,-0.28,1875-06
1875,july,-0.182,1875-07
1875,august,-0.246,1875-08
1875,september,-0.234,1875-09
1875,october,-0.233,1875-10
1875,november,-0.509,1875-11
1875,december,-0.577,1875-12
1876,january,-0.514,1876-01
1876,february,-0.337,1876-02
1876,march,-0.362,1876-03
1876,april,-0.424,1876-04
1876,may,-0.59,1876-05
1876,june,-0.352,1876-06
1876,july,-0.214,1876-07
1876,august,-0.327,1876-08
1876,september,-0.418,1876-09
1876,october,-0.3,1876-10
1876,november,-0.607,1876-11
1876,december,-0.643,1876-12
1877,january,-0.411,1877-01
1877,february,-0.209,1877-02
1877,march,-0.091,1877-03
1877,april,-0.346,1877-04
1877,may,-0.411,1877-05
1877,june,-0.138,1877-06
1877,july,-0.016,1877-07
1877,august,0.211,1877-08
1877,september,0.108,1877-09
1877,october,0.113,1877-10
1877,november,0.034,1877-11
1877,december,-0.056,1877-12
1878,january,-0.07,1878-01
1878,february,0.229,1878-02
1878,march,0.361,1878-03
1878,april,0.189,1878-04
1878,may,-0.122,1878-05
1878,june,0.01,1878-06
1878,july,-0.077,1878-07
1878,august,-0.047,1878-08
1878,september,0.021,1878-09
1878,october,-0.165,1878-10
1878,november,-0.143,1878-11
1878,december,-0.323,1878-12
1879,january,-0.238,1879-01
1879,february,-0.266,1879-02
1879,march,-0.258,1879-03
1879,april,-0.382,1879-04
1879,may,-0.344,1879-05
1879,june,-0.283,1879-06
1879,july,-0.264,1879-07
1879,august,-0.265,1879-08
1879,september,-0.236,1879-09
1879,october,-0.159,1879-10
1879,november,-0.397,1879-11
1879,december,-0.55,1879-12
1880,january,-0.394,1880-01
1880,february,-0.45,1880-02
1880,march,-0.194,1880-03
1880,april,-0.338,1880-04
1880,may,-0.325,1880-05
1880,june,-0.381,1880-06
1880,july,-0.315,1880-07
1880,august,-0.107,1880-08
1880,september,-0.297,1880-09
1880,october,-0.391,1880-10
1880,november,-0.281,1880-11
1880,december,-0.317,1880-12
1881,january,-0.215,1881-01
1881,february,-0.225,1881-02
1881,march,-0.248,1881-03
1881,april,-0.063,1881-04
1881,may,-0.122,1881-05
1881,june,-0.399,1881-06
1881,july,-0.194,1881-07
1881,august,-0.138,1881-08
1881,september,-0.301,1881-09
1881,october,-0.231,1881-10
1881,november,-0.381,1881-11
1881,december,-0.271,1881-12
1882,january,-0.025,1882-01
1882,february,-0.117,1882-02
1882,march,-0.177,1882-03
1882,april,-0.315,1882-04
1882,may,-0.326,1882-05
1882,june,-0.392,1882-06
1882,july,-0.341,1882-07
1882,august,-0.245,1882-08
1882,september,-0.15,1882-09
1882,october,-0.399,1882-10
1882,november,-0.404,1882-11
1882,december,-0.655,1882-12
1883,january,-0.473,1883-01
1883,february,-0.485,1883-02
1883,march,-0.266,1883-03
1883,april,-0.439,1883-04
1883,may,-0.34,1883-05
1883,june,-0.19,1883-06
1883,july,-0.219,1883-07
1883,august,-0.288,1883-08
1883,september,-0.306,1883-09
1883,october,-0.34,1883-10
1883,november,-0.396,1883-11
1883,december,-0.415,1883-12
1884,january,-0.444,1884-01
1884,february,-0.333,1884-02
1884,march,-0.505,1884-03
1884,april,-0.509,1884-04
1884,may,-0.566,1884-05
1884,june,-0.514,1884-06
1884,july,-0.566,1884-07
1884,august,-0.429,1884-08
1884,september,-0.504,1884-09
1884,october,-0.463,1884-10
1884,november,-0.585,1884-11
1884,december,-0.49,1884-12
1885,january,-0.656,1885-01
1885,february,-0.553,1885-02
1885,march,-0.421,1885-03
1885,april,-0.635,1885-04
1885,may,-0.606,1885-05
1885,june,-0.637,1885-06
1885,july,-0.42,1885-07
1885,august,-0.405,1885-08
1885,september,-0.357,1885-09
1885,october,-0.362,1885-10
1885,november,-0.384,1885-11
1885,december,-0.218,1885-12
1886,january,-0.48,1886-01
1886,february,-0.479,1886-02
1886,march,-0.487,1886-03
1886,april,-0.362,1886-04
1886,may,-0.293,1886-05
1886,june,-0.502,1886-06
1886,july,-0.302,1886-07
1886,august,-0.457,1886-08
1886,september,-0.391,1886-09
1886,october,-0.413,1886-10
1886,november,-0.491,1886-11
1886,december,-0.395,1886-12
1887,january,-0.744,1887-01
1887,february,-0.659,1887-02
1887,march,-0.445,1887-03
1887,april,-0.483,1887-04
1887,may,-0.529,1887-05
1887,june,-0.526,1887-06
1887,july,-0.389,1887-07
1887,august,-0.446,1887-08
1887,september,-0.389,1887-09
1887,october,-0.445,1887-10
1887,november,-0.435,1887-11
1887,december,-0.497,1887-12
1888,january,-0.618,1888-01
1888,february,-0.587,1888-02
1888,march,-0.597,1888-03
1888,april,-0.352,1888-04
1888,may,-0.411,1888-05
1888,june,-0.322,1888-06
1888,july,-0.339,1888-07
1888,august,-0.311,1888-08
1888,september,-0.325,1888-09
1888,october,-0.166,1888-10
1888,november,-0.265,1888-11
1888,december,-0.259,1888-12
1889,january,-0.297,1889-01
1889,february,-0.007,1889-02
1889,march,-0.087,1889-03
1889,april,-0.087,1889-04
1889,may,-0.158,1889-05
1889,june,-0.213,1889-06
1889,july,-0.281,1889-07
1889,august,-0.307,1889-08
1889,september,-0.342,1889-09
1889,october,-0.37,1889-10
1889,november,-0.506,1889-11
1889,december,-0.344,1889-12
1890,january,-0.534,1890-01
1890,february,-0.465,1890-02
1890,march,-0.611,1890-03
1890,april,-0.494,1890-04
1890,may,-0.536,1890-05
1890,june,-0.495,1890-06
1890,july,-0.489,1890-07
1890,august,-0.467,1890-08
1890,september,-0.482,1890-09
1890,october,-0.439,1890-10
1890,november,-0.67,1890-11
1890,december,-0.399,1890-12
1891,january,-0.58,1891-01
1891,february,-0.598,1891-02
1891,march,-0.363,1891-03
1891,april,-0.448,1891-04
1891,may,-0.346,1891-05
1891,june,-0.375,1891-06
1891,july,-0.4,1891-07
1891,august,-0.355,1891-08
1891,september,-0.257,1891-09
1891,october,-0.343,1891-10
1891,november,-0.534,1891-11
1891,december,-0.218,1891-12
1892,january,-0.465,1892-01
1892,february,-0.29,1892-02
1892,march,-0.533,1892-03
1892,april,-0.546,1892-04
1892,may,-0.457,1892-05
1892,june,-0.436,1892-06
1892,july,-0.587,1892-07
1892,august,-0.508,1892-08
1892,september,-0.382,1892-09
1892,october,-0.434,1892-10
1892,november,-0.661,1892-11
1892,december,-0.792,1892-12
1893,january,-1.045,1893-01
1893,february,-0.845,1893-02
1893,march,-0.427,1893-03
1893,april,-0.515,1893-04
1893,may,-0.572,1893-05
1893,june,-0.442,1893-06
1893,july,-0.244,1893-07
1893,august,-0.287,1893-08
1893,september,-0.365,1893-09
1893,october,-0.304,1893-10
1893,november,-0.405,1893-11
1893,december,-0.485,1893-12
1894,january,-0.628,1894-01
1894,february,-0.429,1894-02
1894,march,-0.512,1894-03
1894,april,-0.537,1894-04
1894,may,-0.519,1894-05
1894,june,-0.584,1894-06
1894,july,-0.392,1894-07
1894,august,-0.354,1894-08
1894,september,-0.44,1894-09
1894,october,-0.399,1894-10
1894,november,-0.46,1894-11
1894,december,-0.552,1894-12
1895,january,-0.636,1895-01
1895,february,-0.642,1895-02
1895,march,-0.618,1895-03
1895,april,-0.461,1895-04
1895,may,-0.483,1895-05
1895,june,-0.425,1895-06
1895,july,-0.335,1895-07
1895,august,-0.377,1895-08
1895,september,-0.394,1895-09
1895,october,-0.326,1895-10
1895,november,-0.321,1895-11
1895,december,-0.367,1895-12
1896,january,-0.315,1896-01
1896,february,-0.337,1896-02
1896,march,-0.588,1896-03
1896,april,-0.546,1896-04
1896,may,-0.356,1896-05
1896,june,-0.23,1896-06
1896,july,-0.182,1896-07
1896,august,-0.172,1896-08
1896,september,-0.155,1896-09
1896,october,-0.118,1896-10
1896,november,-0.314,1896-11
1896,december,-0.094,1896-12
1897,january,-0.3,1897-01
1897,february,-0.349,1897-02
1897,march,-0.415,1897-03
1897,april,-0.118,1897-04
1897,may,-0.114,1897-05
1897,june,-0.163,1897-06
1897,july,-0.187,1897-07
1897,august,-0.185,1897-08
1897,september,-0.186,1897-09
1897,october,-0.212,1897-10
1897,november,-0.423,1897-11
1897,december,-0.465,1897-12
1898,january,-0.199,1898-01
1898,february,-0.556,1898-02
1898,march,-0.843,1898-03
1898,april,-0.663,1898-04
1898,may,-0.56,1898-05
1898,june,-0.335,1898-06
1898,july,-0.395,1898-07
1898,august,-0.389,1898-08
1898,september,-0.371,1898-09
1898,october,-0.501,1898-10
1898,november,-0.529,1898-11
1898,december,-0.49,1898-12
1899,january,-0.36,1899-01
1899,february,-0.554,1899-02
1899,march,-0.589,1899-03
1899,april,-0.439,1899-04
1899,may,-0.359,1899-05
1899,june,-0.501,1899-06
1899,july,-0.366,1899-07
1899,august,-0.24,1899-08
1899,september,-0.152,1899-09
1899,october,-0.183,1899-10
1899,november,-0.057,1899-11
1899,december,-0.466,1899-12
1900,january,-0.507,1900-01
1900,february,-0.203,1900-02
1900,march,-0.2,1900-03
1900,april,-0.224,1900-04
1900,may,-0.303,1900-05
1900,june,-0.217,1900-06
1900,july,-0.191,1900-07
1900,august,-0.211,1900-08
1900,september,-0.196,1900-09
1900,october,-0.065,1900-10
1900,november,-0.263,1900-11
1900,december,-0.236,1900-12
1901,january,-0.281,1901-01
1901,february,-0.268,1901-02
1901,march,-0.201,1901-03
1901,april,-0.175,1901-04
1901,may,-0.249,1901-05
1901,june,-0.237,1901-06
1901,july,-0.329,1901-07
1901,august,-0.205,1901-08
1901,september,-0.355,1901-09
1901,october,-0.341,1901-10
1901,november,-0.396,1901-11
1901,december,-0.485,1901-12
1902,january,-0.44,1902-01
1902,february,-0.232,1902-02
1902,march,-0.474,1902-03
1902,april,-0.431,1902-04
1902,may,-0.43,1902-05
1902,june,-0.445,1902-06
1902,july,-0.389,1902-07
1902,august,-0.425,1902-08
1902,september,-0.373,1902-09
1902,october,-0.501,1902-10
1902,november,-0.563,1902-11
1902,december,-0.566,1902-12
1903,january,-0.434,1903-01
1903,february,-0.24,1903-02
1903,march,-0.398,1903-03
1903,april,-0.588,1903-04
1903,may,-0.516,1903-05
1903,june,-0.548,1903-06
1903,july,-0.505,1903-07
1903,august,-0.601,1903-08
1903,september,-0.56,1903-09
1903,october,-0.665,1903-10
1903,november,-0.63,1903-11
1903,december,-0.714,1903-12
1904,january,-0.807,1904-01
1904,february,-0.77,1904-02
1904,march,-0.696,1904-03
1904,april,-0.647,1904-04
1904,may,-0.609,1904-05
1904,june,-0.564,1904-06
1904,july,-0.553,1904-07
1904,august,-0.478,1904-08
1904,september,-0.597,1904-09
1904,october,-0.553,1904-10
1904,november,-0.397,1904-11
1904,december,-0.5,1904-12
1905,january,-0.463,1905-01
1905,february,-0.72,1905-02
1905,march,-0.524,1905-03
1905,april,-0.559,1905-04
1905,may,-0.434,1905-05
1905,june,-0.343,1905-06
1905,july,-0.373,1905-07
1905,august,-0.304,1905-08
1905,september,-0.345,1905-09
1905,october,-0.335,1905-10
1905,november,-0.217,1905-11
1905,december,-0.274,1905-12
1906,january,-0.297,1906-01
1906,february,-0.389,1906-02
1906,march,-0.29,1906-03
1906,april,-0.104,1906-04
1906,may,-0.377,1906-05
1906,june,-0.233,1906-06
1906,july,-0.343,1906-07
1906,august,-0.271,1906-08
1906,september,-0.353,1906-09
1906,october,-0.322,1906-10
1906,november,-0.532,1906-11
1906,december,-0.321,1906-12
1907,january,-0.529,1907-01
1907,february,-0.619,1907-02
1907,march,-0.438,1907-03
1907,april,-0.478,1907-04
1907,may,-0.645,1907-05
1907,june,-0.544,1907-06
1907,july,-0.425,1907-07
1907,august,-0.491,1907-08
1907,september,-0.399,1907-09
1907,october,-0.336,1907-10
1907,november,-0.556,1907-11
1907,december,-0.59,1907-12
1908,january,-0.466,1908-01
1908,february,-0.414,1908-02
1908,march,-0.704,1908-03
1908,april,-0.588,1908-04
1908,may,-0.453,1908-05
1908,june,-0.413,1908-06
1908,july,-0.401,1908-07
1908,august,-0.481,1908-08
1908,september,-0.387,1908-09
1908,october,-0.575,1908-10
1908,november,-0.645,1908-11
1908,december,-0.638,1908-12
1909,january,-0.763,1909-01
1909,february,-0.536,1909-02
1909,march,-0.652,1909-03
1909,april,-0.633,1909-04
1909,may,-0.592,1909-05
1909,june,-0.5,1909-06
1909,july,-0.524,1909-07
1909,august,-0.337,1909-08
1909,september,-0.416,1909-09
1909,october,-0.495,1909-10
1909,november,-0.387,1909-11
1909,december,-0.596,1909-12
1910,january,-0.433,1910-01
1910,february,-0.529,1910-02
1910,march,-0.619,1910-03
1910,april,-0.535,1910-04
1910,may,-0.537,1910-05
1910,june,-0.559,1910-06
1910,july,-0.435,1910-07
1910,august,-0.389,1910-08
1910,september,-0.423,1910-09
1910,october,-0.485,1910-10
1910,november,-0.672,1910-11
1910,december,-0.757,1910-12
1911,january,-0.668,1911-01
1911,february,-0.706,1911-02
1911,march,-0.764,1911-03
1911,april,-0.644,1911-04
1911,may,-0.627,1911-05
1911,june,-0.554,1911-06
1911,july,-0.493,1911-07
1911,august,-0.506,1911-08
1911,september,-0.498,1911-09
1911,october,-0.345,1911-10
1911,november,-0.349,1911-11
1911,december,-0.315,1911-12
1912,january,-0.329,1912-01
1912,february,-0.315,1912-02
1912,march,-0.554,1912-03
1912,april,-0.338,1912-04
1912,may,-0.335,1912-05
1912,june,-0.285,1912-06
1912,july,-0.507,1912-07
1912,august,-0.572,1912-08
1912,september,-0.644,1912-09
1912,october,-0.679,1912-10
1912,november,-0.558,1912-11
1912,december,-0.591,1912-12
1913,january,-0.564,1913-01
1913,february,-0.55,1913-02
1913,march,-0.606,1913-03
1913,april,-0.534,1913-04
1913,may,-0.541,1913-05
1913,june,-0.551,1913-06
1913,july,-0.477,1913-07
1913,august,-0.396,1913-08
1913,september,-0.417,1913-09
1913,october,-0.438,1913-10
1913,november,-0.368,1913-11
1913,december,-0.164,1913-12
1914,january,-0.078,1914-01
1914,february,-0.27,1914-02
1914,march,-0.397,1914-03
1914,april,-0.409,1914-04
1914,may,-0.308,1914-05
1914,june,-0.308,1914-06
1914,july,-0.297,1914-07
1914,august,-0.245,1914-08
1914,september,-0.301,1914-09
1914,october,-0.11,1914-10
1914,november,-0.19,1914-11
1914,december,-0.237,1914-12
1915,january,-0.287,1915-01
1915,february,-0.22,1915-02
1915,march,-0.194,1915-03
1915,april,-0.083,1915-04
1915,may,-0.168,1915-05
1915,june,-0.172,1915-06
1915,july,-0.169,1915-07
1915,august,-0.067,1915-08
1915,september,-0.12,1915-09
1915,october,-0.286,1915-10
1915,november,-0.173,1915-11
1915,december,-0.362,1915-12
1916,january,-0.338,1916-01
1916,february,-0.264,1916-02
1916,march,-0.439,1916-03
1916,april,-0.375,1916-04
1916,may,-0.418,1916-05
1916,june,-0.495,1916-06
1916,july,-0.385,1916-07
1916,august,-0.297,1916-08
1916,september,-0.322,1916-09
1916,october,-0.374,1916-10
1916,november,-0.514,1916-11
1916,december,-0.821,1916-12
1917,january,-0.689,1917-01
1917,february,-0.716,1917-02
1917,march,-0.784,1917-03
1917,april,-0.546,1917-04
1917,may,-0.644,1917-05
1917,june,-0.479,1917-06
1917,july,-0.245,1917-07
1917,august,-0.333,1917-08
1917,september,-0.298,1917-09
1917,october,-0.536,1917-10
1917,november,-0.459,1917-11
1917,december,-0.787,1917-12
1918,january,-0.518,1918-01
1918,february,-0.672,1918-02
1918,march,-0.579,1918-03
1918,april,-0.623,1918-04
1918,may,-0.525,1918-05
1918,june,-0.387,1918-06
1918,july,-0.37,1918-07
1918,august,-0.43,1918-08
1918,september,-0.258,1918-09
1918,october,-0.119,1918-10
1918,november,-0.19,1918-11
1918,december,-0.424,1918-12
1919,january,-0.251,1919-01
1919,february,-0.242,1919-02
1919,march,-0.392,1919-03
1919,april,-0.211,1919-04
1919,may,-0.308,1919-05
1919,june,-0.358,1919-06
1919,july,-0.3,1919-07
1919,august,-0.238,1919-08
1919,september,-0.286,1919-09
1919,october,-0.259,1919-10
1919,november,-0.558,1919-11
1919,december,-0.503,1919-12
1920,january,-0.259,1920-01
1920,february,-0.546,1920-02
1920,march,-0.172,1920-03
1920,april,-0.337,1920-04
1920,may,-0.256,1920-05
1920,june,-0.238,1920-06
1920,july,-0.3,1920-07
1920,august,-0.227,1920-08
1920,september,-0.196,1920-09
1920,october,-0.218,1920-10
1920,november,-0.346,1920-11
1920,december,-0.488,1920-12
1921,january,-0.218,1921-01
1921,february,-0.295,1921-02
1921,march,-0.343,1921-03
1921,april,-0.291,1921-04
1921,may,-0.302,1921-05
1921,june,-0.154,1921-06
1921,july,-0.155,1921-07
1921,august,-0.321,1921-08
1921,september,-0.207,1921-09
1921,october,-0.134,1921-10
1921,november,-0.196,1921-11
1921,december,-0.271,1921-12
1922,january,-0.419,1922-01
1922,february,-0.409,1922-02
1922,march,-0.344,1922-03
1922,april,-0.291,1922-04
1922,may,-0.47,1922-05
1922,june,-0.293,1922-06
1922,july,-0.259,1922-07
1922,august,-0.356,1922-08
1922,september,-0.324,1922-09
1922,october,-0.345,1922-10
1922,november,-0.255,1922-11
1922,december,-0.305,1922-12
1923,january,-0.404,1923-01
1923,february,-0.494,1923-02
1923,march,-0.456,1923-03
1923,april,-0.41,1923-04
1923,may,-0.404,1923-05
1923,june,-0.253,1923-06
1923,july,-0.42,1923-07
1923,august,-0.324,1923-08
1923,september,-0.341,1923-09
1923,october,-0.176,1923-10
1923,november,-0.034,1923-11
1923,december,-0.1,1923-12
1924,january,-0.327,1924-01
1924,february,-0.315,1924-02
1924,march,-0.176,1924-03
1924,april,-0.342,1924-04
1924,may,-0.218,1924-05
1924,june,-0.276,1924-06
1924,july,-0.294,1924-07
1924,august,-0.317,1924-08
1924,september,-0.331,1924-09
1924,october,-0.366,1924-10
1924,november,-0.291,1924-11
1924,december,-0.492,1924-12
1925,january,-0.492,1925-01
1925,february,-0.485,1925-02
1925,march,-0.374,1925-03
1925,april,-0.307,1925-04
1925,may,-0.306,1925-05
1925,june,-0.334,1925-06
1925,july,-0.331,1925-07
1925,august,-0.168,1925-08
1925,september,-0.259,1925-09
1925,october,-0.289,1925-10
1925,november,-0.059,1925-11
1925,december,0.014,1925-12
1926,january,0.083,1926-01
1926,february,-0.035,1926-02
1926,march,0.024,1926-03
1926,april,-0.158,1926-04
1926,may,-0.27,1926-05
1926,june,-0.183,1926-06
1926,july,-0.208,1926-07
1926,august,-0.1,1926-08
1926,september,-0.118,1926-09
1926,october,-0.07,1926-10
1926,november,-0.116,1926-11
1926,december,-0.322,1926-12
1927,january,-0.311,1927-01
1927,february,-0.212,1927-02
1927,march,-0.419,1927-03
1927,april,-0.315,1927-04
1927,may,-0.23,1927-05
1927,june,-0.248,1927-06
1927,july,-0.205,1927-07
1927,august,-0.213,1927-08
1927,september,-0.12,1927-09
1927,october,-0.03,1927-10
1927,november,-0.127,1927-11
1927,december,-0.324,1927-12
1928,january,-0.017,1928-01
1928,february,-0.125,1928-02
1928,march,-0.32,1928-03
1928,april,-0.235,1928-04
1928,may,-0.301,1928-05
1928,june,-0.327,1928-06
1928,july,-0.188,1928-07
1928,august,-0.179,1928-08
1928,september,-0.207,1928-09
1928,october,-0.184,1928-10
1928,november,-0.172,1928-11
1928,december,-0.227,1928-12
1929,january,-0.436,1929-01
1929,february,-0.604,1929-02
1929,march,-0.487,1929-03
1929,april,-0.437,1929-04
1929,may,-0.435,1929-05
1929,june,-0.409,1929-06
1929,july,-0.44,1929-07
1929,august,-0.266,1929-08
1929,september,-0.277,1929-09
1929,october,-0.221,1929-10
1929,november,-0.14,1929-11
1929,december,-0.56,1929-12
1930,january,-0.363,1930-01
1930,february,-0.356,1930-02
1930,march,-0.247,1930-03
1930,april,-0.231,1930-04
1930,may,-0.251,1930-05
1930,june,-0.204,1930-06
1930,july,-0.188,1930-07
1930,august,-0.098,1930-08
1930,september,-0.092,1930-09
1930,october,-0.091,1930-10
1930,november,0.064,1930-11
1930,december,-0.065,1930-12
1931,january,-0.137,1931-01
1931,february,-0.259,1931-02
1931,march,-0.109,1931-03
1931,april,-0.171,1931-04
1931,may,-0.193,1931-05
1931,june,-0.025,1931-06
1931,july,-0.008,1931-07
1931,august,-0.027,1931-08
1931,september,-0.052,1931-09
1931,october,-0.027,1931-10
1931,november,-0.136,1931-11
1931,december,-0.097,1931-12
1932,january,0.08,1932-01
1932,february,-0.178,1932-02
1932,march,-0.195,1932-03
1932,april,-0.061,1932-04
1932,may,-0.16,1932-05
1932,june,-0.255,1932-06
1932,july,-0.13,1932-07
1932,august,-0.19,1932-08
1932,september,-0.001,1932-09
1932,october,-0.094,1932-10
1932,november,-0.295,1932-11
1932,december,-0.267,1932-12
1933,january,-0.311,1933-01
1933,february,-0.351,1933-02
1933,march,-0.385,1933-03
1933,april,-0.285,1933-04
1933,may,-0.277,1933-05
1933,june,-0.324,1933-06
1933,july,-0.29,1933-07
1933,august,-0.154,1933-08
1933,september,-0.327,1933-09
1933,october,-0.246,1933-10
1933,november,-0.405,1933-11
1933,december,-0.514,1933-12
1934,january,-0.323,1934-01
1934,february,-0.145,1934-02
1934,march,-0.431,1934-03
1934,april,-0.372,1934-04
1934,may,-0.14,1934-05
1934,june,-0.092,1934-06
1934,july,-0.178,1934-07
1934,august,-0.114,1934-08
1934,september,-0.135,1934-09
1934,october,-0.082,1934-10
1934,november,0.032,1934-11
1934,december,-0.111,1934-12
1935,january,-0.348,1935-01
1935,february,0.05,1935-02
1935,march,-0.214,1935-03
1935,april,-0.323,1935-04
1935,may,-0.314,1935-05
1935,june,-0.209,1935-06
1935,july,-0.141,1935-07
1935,august,-0.149,1935-08
1935,september,-0.191,1935-09
1935,october,-0.055,1935-10
1935,november,-0.322,1935-11
1935,december,-0.257,1935-12
1936,january,-0.398,1936-01
1936,february,-0.343,1936-02
1936,march,-0.329,1936-03
1936,april,-0.188,1936-04
1936,may,-0.172,1936-05
1936,june,-0.149,1936-06
1936,july,-0.07,1936-07
1936,august,-0.073,1936-08
1936,september,-0.109,1936-09
1936,october,-0.041,1936-10
1936,november,-0.054,1936-11
1936,december,-0.106,1936-12
1937,january,-0.127,1937-01
1937,february,0.066,1937-02
1937,march,-0.262,1937-03
1937,april,-0.121,1937-04
1937,may,-0.091,1937-05
1937,june,-0.008,1937-06
1937,july,0.02,1937-07
1937,august,0.037,1937-08
1937,september,0.145,1937-09
1937,october,0.128,1937-10
1937,november,0.062,1937-11
1937,december,-0.078,1937-12
1938,january,0.046,1938-01
1938,february,-0.01,1938-02
1938,march,-0.015,1938-03
1938,april,0.04,1938-04
1938,may,-0.096,1938-05
1938,june,-0.094,1938-06
1938,july,-0.046,1938-07
1938,august,-0.003,1938-08
1938,september,0.02,1938-09
1938,october,0.163,1938-10
1938,november,0.055,1938-11
1938,december,-0.206,1938-12
1939,january,-0.122,1939-01
1939,february,-0.118,1939-02
1939,march,-0.289,1939-03
1939,april,-0.106,1939-04
1939,may,-0.03,1939-05
1939,june,0.015,1939-06
1939,july,-0.038,1939-07
1939,august,-0.041,1939-08
1939,september,-0.017,1939-09
1939,october,-0.099,1939-10
1939,november,0.021,1939-11
1939,december,0.334,1939-12
1940,january,-0.053,1940-01
1940,february,0.086,1940-02
1940,march,-0.036,1940-03
1940,april,0.149,1940-04
1940,may,0.05,1940-05
1940,june,0.045,1940-06
1940,july,0.148,1940-07
1940,august,0.1,1940-08
1940,september,0.131,1940-09
1940,october,0.096,1940-10
1940,november,-0.005,1940-11
1940,december,0.199,1940-12
1941,january,-0.04,1941-01
1941,february,0.118,1941-02
1941,march,-0.117,1941-03
1941,april,0.036,1941-04
1941,may,0.061,1941-05
1941,june,0.06,1941-06
1941,july,0.161,1941-07
1941,august,0.04,1941-08
1941,september,-0.145,1941-09
1941,october,0.214,1941-10
1941,november,-0.007,1941-11
1941,december,0.075,1941-12
1942,january,0.258,1942-01
1942,february,0.017,1942-02
1942,march,-0.042,1942-03
1942,april,-0.015,1942-04
1942,may,0.124,1942-05
1942,june,0.03,1942-06
1942,july,-0.06,1942-07
1942,august,-0.057,1942-08
1942,september,-0.013,1942-09
1942,october,-0.087,1942-10
1942,november,-0.058,1942-11
1942,december,-0.08,1942-12
1943,january,-0.183,1943-01
1943,february,-0.031,1943-02
1943,march,-0.168,1943-03
1943,april,0.023,1943-04
1943,may,0.036,1943-05
1943,june,-0.075,1943-06
1943,july,0.018,1943-07
1943,august,0.032,1943-08
1943,september,-0.013,1943-09
1943,october,0.228,1943-10
1943,november,0.104,1943-11
1943,december,0.106,1943-12
1944,january,0.318,1944-01
1944,february,0.119,1944-02
1944,march,0.12,1944-03
1944,april,0.042,1944-04
1944,may,0.12,1944-05
1944,june,0.107,1944-06
1944,july,0.149,1944-07
1944,august,0.207,1944-08
1944,september,0.168,1944-09
1944,october,0.208,1944-10
1944,november,0.088,1944-11
1944,december,0.083,1944-12
1945,january,0.095,1945-01
1945,february,0.048,1945-02
1945,march,0.039,1945-03
1945,april,0.21,1945-04
1945,may,-0.062,1945-05
1945,june,-0.037,1945-06
1945,july,0.0,1945-07
1945,august,0.236,1945-08
1945,september,0.103,1945-09
1945,october,0.094,1945-10
1945,november,-0.011,1945-11
1945,december,-0.2,1945-12
1946,january,0.046,1946-01
1946,february,-0.116,1946-02
1946,march,-0.122,1946-03
1946,april,-0.001,1946-04
1946,may,-0.083,1946-05
1946,june,-0.27,1946-06
1946,july,-0.109,1946-07
1946,august,-0.154,1946-08
1946,september,-0.098,1946-09
1946,october,-0.068,1946-10
1946,november,-0.108,1946-11
1946,december,-0.343,1946-12
1947,january,-0.151,1947-01
1947,february,-0.141,1947-02
1947,march,-0.076,1947-03
1947,april,-0.055,1947-04
1947,may,-0.071,1947-05
1947,june,-0.093,1947-06
1947,july,-0.065,1947-07
1947,august,-0.113,1947-08
1947,september,-0.16,1947-09
1947,october,0.034,1947-10
1947,november,0.029,1947-11
1947,december,-0.233,1947-12
1948,january,-0.019,1948-01
1948,february,-0.239,1948-02
1948,march,-0.283,1948-03
1948,april,-0.115,1948-04
1948,may,0.058,1948-05
1948,june,-0.008,1948-06
1948,july,-0.13,1948-07
1948,august,-0.048,1948-08
1948,september,-0.134,1948-09
1948,october,-0.057,1948-10
1948,november,-0.173,1948-11
1948,december,-0.349,1948-12
1949,january,-0.019,1949-01
1949,february,-0.242,1949-02
1949,march,-0.11,1949-03
1949,april,-0.147,1949-04
1949,may,-0.111,1949-05
1949,june,-0.233,1949-06
1949,july,-0.18,1949-07
1949,august,-0.078,1949-08
1949,september,-0.123,1949-09
1949,october,-0.09,1949-10
1949,november,-0.181,1949-11
1949,december,-0.212,1949-12
1950,january,-0.3,1950-01
1950,february,-0.37,1950-02
1950,march,-0.216,1950-03
1950,april,-0.244,1950-04
1950,may,-0.137,1950-05
1950,june,-0.105,1950-06
1950,july,-0.107,1950-07
1950,august,-0.153,1950-08
1950,september,-0.245,1950-09
1950,october,-0.201,1950-10
1950,november,-0.381,1950-11
1950,december,-0.261,1950-12
1951,january,-0.36,1951-01
1951,february,-0.509,1951-02
1951,march,-0.262,1951-03
1951,april,-0.108,1951-04
1951,may,0.032,1951-05
1951,june,0.06,1951-06
1951,july,0.039,1951-07
1951,august,0.121,1951-08
1951,september,0.132,1951-09
1951,october,0.124,1951-10
1951,november,-0.072,1951-11
1951,december,0.069,1951-12
1952,january,0.094,1952-01
1952,february,0.068,1952-02
1952,march,-0.164,1952-03
1952,april,0.046,1952-04
1952,may,0.022,1952-05
1952,june,0.023,1952-06
1952,july,0.09,1952-07
1952,august,0.097,1952-08
1952,september,0.096,1952-09
1952,october,-0.017,1952-10
1952,november,-0.132,1952-11
1952,december,-0.04,1952-12
1953,january,-0.009,1953-01
1953,february,0.095,1953-02
1953,march,0.018,1953-03
1953,april,0.225,1953-04
1953,may,0.149,1953-05
1953,june,0.14,1953-06
1953,july,0.043,1953-07
1953,august,0.087,1953-08
1953,september,0.086,1953-09
1953,october,0.083,1953-10
1953,november,-0.006,1953-11
1953,december,0.019,1953-12
1954,january,-0.243,1954-01
1954,february,-0.089,1954-02
1954,march,-0.183,1954-03
1954,april,-0.115,1954-04
1954,may,-0.171,1954-05
1954,june,-0.13,1954-06
1954,july,-0.196,1954-07
1954,august,-0.102,1954-08
1954,september,-0.113,1954-09
1954,october,-0.012,1954-10
1954,november,0.116,1954-11
1954,december,-0.164,1954-12
1955,january,0.106,1955-01
1955,february,-0.193,1955-02
1955,march,-0.396,1955-03
1955,april,-0.229,1955-04
1955,may,-0.239,1955-05
1955,june,-0.178,1955-06
1955,july,-0.208,1955-07
1955,august,-0.088,1955-08
1955,september,-0.143,1955-09
1955,october,-0.113,1955-10
1955,november,-0.321,1955-11
1955,december,-0.364,1955-12
1956,january,-0.24,1956-01
1956,february,-0.282,1956-02
1956,march,-0.356,1956-03
1956,april,-0.306,1956-04
1956,may,-0.336,1956-05
1956,june,-0.227,1956-06
1956,july,-0.211,1956-07
1956,august,-0.29,1956-08
1956,september,-0.273,1956-09
1956,october,-0.263,1956-10
1956,november,-0.215,1956-11
1956,december,-0.158,1956-12
1957,january,-0.222,1957-01
1957,february,-0.159,1957-02
1957,march,-0.198,1957-03
1957,april,-0.042,1957-04
1957,may,0.032,1957-05
1957,june,0.065,1957-06
1957,july,-0.063,1957-07
1957,august,0.073,1957-08
1957,september,0.041,1957-09
1957,october,-0.001,1957-10
1957,november,-0.004,1957-11
1957,december,0.052,1957-12
1958,january,0.255,1958-01
1958,february,0.093,1958-02
1958,march,0.005,1958-03
1958,april,-0.07,1958-04
1958,may,0.016,1958-05
1958,june,-0.153,1958-06
1958,july,-0.02,1958-07
1958,august,-0.083,1958-08
1958,september,-0.115,1958-09
1958,october,-0.019,1958-10
1958,november,-0.039,1958-11
1958,december,-0.082,1958-12
1959,january,0.014,1959-01
1959,february,-0.005,1959-02
1959,march,0.017,1959-03
1959,april,0.026,1959-04
1959,may,-0.039,1959-05
1959,june,-0.002,1959-06
1959,july,-0.044,1959-07
1959,august,-0.041,1959-08
1959,september,-0.141,1959-09
1959,october,-0.071,1959-10
1959,november,-0.186,1959-11
1959,december,-0.103,1959-12
1960,january,-0.115,1960-01
1960,february,0.023,1960-02
1960,march,-0.447,1960-03
1960,april,-0.262,1960-04
1960,may,-0.179,1960-05
1960,june,-0.126,1960-06
1960,july,-0.114,1960-07
1960,august,-0.006,1960-08
1960,september,0.003,1960-09
1960,october,-0.031,1960-10
1960,november,-0.215,1960-11
1960,december,0.084,1960-12
1961,january,-0.052,1961-01
1961,february,0.091,1961-02
1961,march,-0.062,1961-03
1961,april,0.061,1961-04
1961,may,0.068,1961-05
1961,june,0.088,1961-06
1961,july,-0.04,1961-07
1961,august,-0.017,1961-08
1961,september,-0.03,1961-09
1961,october,-0.064,1961-10
1961,november,-0.031,1961-11
1961,december,-0.252,1961-12
1962,january,-0.057,1962-01
1962,february,0.012,1962-02
1962,march,0.019,1962-03
1962,april,-0.026,1962-04
1962,may,-0.182,1962-05
1962,june,-0.056,1962-06
1962,july,-0.109,1962-07
1962,august,-0.11,1962-08
1962,september,-0.075,1962-09
1962,october,-0.038,1962-10
1962,november,-0.021,1962-11
1962,december,-0.126,1962-12
1963,january,-0.122,1963-01
1963,february,0.04,1963-02
1963,march,-0.341,1963-03
1963,april,-0.179,1963-04
1963,may,-0.147,1963-05
1963,june,-0.067,1963-06
1963,july,0.06,1963-07
1963,august,0.146,1963-08
1963,september,0.122,1963-09
1963,october,0.064,1963-10
1963,november,0.045,1963-11
1963,december,-0.063,1963-12
1964,january,-0.195,1964-01
1964,february,-0.223,1964-02
1964,march,-0.383,1964-03
1964,april,-0.442,1964-04
1964,may,-0.374,1964-05
1964,june,-0.167,1964-06
1964,july,-0.201,1964-07
1964,august,-0.301,1964-08
1964,september,-0.405,1964-09
1964,october,-0.311,1964-10
1964,november,-0.299,1964-11
1964,december,-0.372,1964-12
1965,january,-0.162,1965-01
1965,february,-0.263,1965-02
1965,march,-0.26,1965-03
1965,april,-0.299,1965-04
1965,may,-0.192,1965-05
1965,june,-0.208,1965-06
1965,july,-0.267,1965-07
1965,august,-0.162,1965-08
1965,september,-0.245,1965-09
1965,october,-0.106,1965-10
1965,november,-0.144,1965-11
1965,december,-0.146,1965-12
1966,january,-0.283,1966-01
1966,february,-0.168,1966-02
1966,march,-0.171,1966-03
1966,april,-0.17,1966-04
1966,may,-0.218,1966-05
1966,june,-0.105,1966-06
1966,july,0.003,1966-07
1966,august,-0.102,1966-08
1966,september,-0.087,1966-09
1966,october,-0.238,1966-10
1966,november,-0.108,1966-11
1966,december,-0.141,1966-12
1967,january,-0.22,1967-01
1967,february,-0.328,1967-02
1967,march,-0.094,1967-03
1967,april,-0.132,1967-04
1967,may,0.057,1967-05
1967,june,-0.108,1967-06
1967,july,-0.068,1967-07
1967,august,-0.099,1967-08
1967,september,-0.125,1967-09
1967,october,-0.02,1967-10
1967,november,-0.12,1967-11
1967,december,-0.154,1967-12
1968,january,-0.325,1968-01
1968,february,-0.268,1968-02
1968,march,-0.004,1968-03
1968,april,-0.18,1968-04
1968,may,-0.226,1968-05
1968,june,-0.152,1968-06
1968,july,-0.195,1968-07
1968,august,-0.13,1968-08
1968,september,-0.226,1968-09
1968,october,0.008,1968-10
1968,november,-0.135,1968-11
1968,december,-0.191,1968-12
1969,january,-0.162,1969-01
1969,february,-0.197,1969-02
1969,march,-0.133,1969-03
1969,april,0.049,1969-04
1969,may,0.065,1969-05
1969,june,0.006,1969-06
1969,july,-0.109,1969-07
1969,august,-0.073,1969-08
1969,september,-0.013,1969-09
1969,october,0.001,1969-10
1969,november,0.023,1969-11
1969,december,0.167,1969-12
1970,january,0.014,1970-01
1970,february,0.064,1970-02
1970,march,-0.088,1970-03
1970,april,-0.079,1970-04
1970,may,-0.141,1970-05
1970,june,-0.137,1970-06
1970,july,-0.112,1970-07
1970,august,-0.199,1970-08
1970,september,-0.031,1970-09
1970,october,-0.06,1970-10
1970,november,-0.058,1970-11
1970,december,-0.193,1970-12
1971,january,-0.144,1971-01
1971,february,-0.273,1971-02
1971,march,-0.337,1971-03
1971,april,-0.233,1971-04
1971,may,-0.198,1971-05
1971,june,-0.255,1971-06
1971,july,-0.185,1971-07
1971,august,-0.181,1971-08
1971,september,-0.126,1971-09
1971,october,-0.156,1971-10
1971,november,-0.153,1971-11
1971,december,-0.231,1971-12
1972,january,-0.379,1972-01
1972,february,-0.278,1972-02
1972,march,-0.143,1972-03
1972,april,-0.128,1972-04
1972,may,-0.082,1972-05
1972,june,-0.032,1972-06
1972,july,-0.093,1972-07
1972,august,0.061,1972-08
1972,september,-0.052,1972-09
1972,october,-0.057,1972-10
1972,november,-0.052,1972-11
1972,december,0.109,1972-12
1973,january,0.101,1973-01
1973,february,0.159,1973-02
1973,march,0.115,1973-03
1973,april,0.199,1973-04
1973,may,0.108,1973-05
1973,june,0.106,1973-06
1973,july,0.016,1973-07
1973,august,-0.028,1973-08
1973,september,-0.035,1973-09
1973,october,0.011,1973-10
1973,november,-0.025,1973-11
1973,december,-0.128,1973-12
1974,january,-0.282,1974-01
1974,february,-0.447,1974-02
1974,march,-0.237,1974-03
1974,april,-0.202,1974-04
1974,may,-0.127,1974-05
1974,june,-0.115,1974-06
1974,july,-0.136,1974-07
1974,august,0.023,1974-08
1974,september,-0.093,1974-09
1974,october,-0.115,1974-10
1974,november,-0.126,1974-11
1974,december,-0.214,1974-12
1975,january,-0.097,1975-01
1975,february,-0.021,1975-02
1975,march,-0.011,1975-03
1975,april,-0.052,1975-04
1975,may,0.053,1975-05
1975,june,-0.061,1975-06
1975,july,-0.105,1975-07
1975,august,-0.232,1975-08
1975,september,-0.14,1975-09
1975,october,-0.154,1975-10
1975,november,-0.264,1975-11
1975,december,-0.247,1975-12
1976,january,-0.17,1976-01
1976,february,-0.232,1976-02
1976,march,-0.337,1976-03
1976,april,-0.186,1976-04
1976,may,-0.359,1976-05
1976,june,-0.24,1976-06
1976,july,-0.173,1976-07
1976,august,-0.242,1976-08
1976,september,-0.151,1976-09
1976,october,-0.332,1976-10
1976,november,-0.139,1976-11
1976,december,-0.029,1976-12
1977,january,0.153,1977-01
1977,february,0.104,1977-02
1977,march,0.075,1977-03
1977,april,0.134,1977-04
1977,may,0.228,1977-05
1977,june,0.208,1977-06
1977,july,0.143,1977-07
1977,august,0.13,1977-08
1977,september,-0.002,1977-09
1977,october,-0.016,1977-10
1977,november,0.121,1977-11
1977,december,-0.04,1977-12
1978,january,0.037,1978-01
1978,february,0.074,1978-02
1978,march,0.059,1978-03
1978,april,0.053,1978-04
1978,may,0.012,1978-05
1978,june,-0.055,1978-06
1978,july,0.016,1978-07
1978,august,-0.217,1978-08
1978,september,0.042,1978-09
1978,october,-0.06,1978-10
1978,november,0.092,1978-11
1978,december,0.01,1978-12
1979,january,0.052,1979-01
1979,february,-0.18,1979-02
1979,march,0.067,1979-03
1979,april,0.077,1979-04
1979,may,-0.022,1979-05
1979,june,0.05,1979-06
1979,july,0.018,1979-07
1979,august,0.115,1979-08
1979,september,0.173,1979-09
1979,october,0.147,1979-10
1979,november,0.208,1979-11
1979,december,0.386,1979-12
1980,january,0.253,1980-01
1980,february,0.361,1980-02
1980,march,0.217,1980-03
1980,april,0.234,1980-04
1980,may,0.246,1980-05
1980,june,0.132,1980-06
1980,july,0.206,1980-07
1980,august,0.164,1980-08
1980,september,0.124,1980-09
1980,october,0.097,1980-10
1980,november,0.206,1980-11
1980,december,0.114,1980-12
1981,january,0.444,1981-01
1981,february,0.337,1981-02
1981,march,0.331,1981-03
1981,april,0.199,1981-04
1981,may,0.148,1981-05
1981,june,0.245,1981-06
1981,july,0.264,1981-07
1981,august,0.312,1981-08
1981,september,0.137,1981-09
1981,october,0.055,1981-10
1981,november,0.166,1981-11
1981,december,0.363,1981-12
1982,january,-0.024,1982-01
1982,february,0.068,1982-02
1982,march,-0.137,1982-03
1982,april,0.02,1982-04
1982,may,0.091,1982-05
1982,june,-0.001,1982-06
1982,july,0.076,1982-07
1982,august,-0.046,1982-08
1982,september,0.017,1982-09
1982,october,0.041,1982-10
1982,november,0.029,1982-11
1982,december,0.277,1982-12
1983,january,0.358,1983-01
1983,february,0.336,1983-02
1983,march,0.248,1983-03
1983,april,0.175,1983-04
1983,may,0.222,1983-05
1983,june,0.167,1983-06
1983,july,0.115,1983-07
1983,august,0.284,1983-08
1983,september,0.326,1983-09
1983,october,0.113,1983-10
1983,november,0.245,1983-11
1983,december,0.096,1983-12
1984,january,0.158,1984-01
1984,february,0.02,1984-02
1984,march,0.144,1984-03
1984,april,0.01,1984-04
1984,may,0.214,1984-05
1984,june,-0.039,1984-06
1984,july,0.025,1984-07
1984,august,0.089,1984-08
1984,september,0.127,1984-09
1984,october,0.041,1984-10
1984,november,-0.058,1984-11
1984,december,-0.156,1984-12
1985,january,0.116,1985-01
1985,february,-0.104,1985-02
1985,march,0.043,1985-03
1985,april,0.003,1985-04
1985,may,0.068,1985-05
1985,june,0.121,1985-06
1985,july,-0.023,1985-07
1985,august,0.143,1985-08
1985,september,0.118,1985-09
1985,october,0.039,1985-10
1985,november,0.018,1985-11
1985,december,0.055,1985-12
1986,january,0.117,1986-01
1986,february,0.309,1986-02
1986,march,0.138,1986-03
1986,april,0.135,1986-04
1986,may,0.131,1986-05
1986,june,0.04,1986-06
1986,july,0.043,1986-07
1986,august,0.088,1986-08
1986,september,0.024,1986-09
1986,october,0.051,1986-10
1986,november,0.04,1986-11
1986,december,0.032,1986-12
1987,january,0.22,1987-01
1987,february,0.316,1987-02
1987,march,0.104,1987-03
1987,april,0.189,1987-04
1987,may,0.169,1987-05
1987,june,0.266,1987-06
1987,july,0.348,1987-07
1987,august,0.211,1987-08
1987,september,0.266,1987-09
1987,october,0.27,1987-10
1987,november,0.186,1987-11
1987,december,0.372,1987-12
1988,january,0.459,1988-01
1988,february,0.333,1988-02
1988,march,0.385,1988-03
1988,april,0.328,1988-04
1988,may,0.319,1988-05
1988,june,0.33,1988-06
1988,july,0.256,1988-07
1988,august,0.258,1988-08
1988,september,0.258,1988-09
1988,october,0.255,1988-10
1988,november,0.029,1988-11
1988,december,0.176,1988-12
1989,january,-0.026,1989-01
1989,february,0.237,1989-02
1989,march,0.185,1989-03
1989,april,0.15,1989-04
1989,may,0.038,1989-05
1989,june,0.094,1989-06
1989,july,0.264,1989-07
1989,august,0.252,1989-08
1989,september,0.298,1989-09
1989,october,0.26,1989-10
1989,november,0.115,1989-11
1989,december,0.284,1989-12
1990,january,0.283,1990-01
1990,february,0.279,1990-02
1990,march,0.635,1990-03
1990,april,0.494,1990-04
1990,may,0.406,1990-05
1990,june,0.315,1990-06
1990,july,0.38,1990-07
1990,august,0.281,1990-08
1990,september,0.22,1990-09
1990,october,0.386,1990-10
1990,november,0.359,1990-11
1990,december,0.289,1990-12
1991,january,0.303,1991-01
1991,february,0.407,1991-02
1991,march,0.247,1991-03
1991,april,0.436,1991-04
1991,may,0.314,1991-05
1991,june,0.433,1991-06
1991,july,0.467,1991-07
1991,august,0.362,1991-08
1991,september,0.353,1991-09
1991,october,0.251,1991-10
1991,november,0.254,1991-11
1991,december,0.238,1991-12
1992,january,0.363,1992-01
1992,february,0.348,1992-02
1992,march,0.309,1992-03
1992,april,0.162,1992-04
1992,may,0.168,1992-05
1992,june,0.156,1992-06
1992,july,0.005,1992-07
1992,august,0.038,1992-08
1992,september,-0.09,1992-09
1992,october,-0.023,1992-10
1992,november,-0.037,1992-11
1992,december,0.099,1992-12
1993,january,0.261,1993-01
1993,february,0.283,1993-02
1993,march,0.236,1993-03
1993,april,0.195,1993-04
1993,may,0.195,1993-05
1993,june,0.164,1993-06
1993,july,0.159,1993-07
1993,august,0.084,1993-08
1993,september,0.046,1993-09
1993,october,0.151,1993-10
1993,november,0.066,1993-11
1993,december,0.148,1993-12
1994,january,0.2,1994-01
1994,february,0.014,1994-02
1994,march,0.235,1994-03
1994,april,0.256,1994-04
1994,may,0.208,1994-05
1994,june,0.314,1994-06
1994,july,0.182,1994-07
1994,august,0.173,1994-08
1994,september,0.272,1994-09
1994,october,0.347,1994-10
1994,november,0.353,1994-11
1994,december,0.247,1994-12
1995,january,0.414,1995-01
1995,february,0.64,1995-02
1995,march,0.356,1995-03
1995,april,0.427,1995-04
1995,may,0.265,1995-05
1995,june,0.378,1995-06
1995,july,0.442,1995-07
1995,august,0.392,1995-08
1995,september,0.28,1995-09
1995,october,0.379,1995-10
1995,november,0.375,1995-11
1995,december,0.174,1995-12
1996,january,0.216,1996-01
1996,february,0.462,1996-02
1996,march,0.288,1996-03
1996,april,0.252,1996-04
1996,may,0.237,1996-05
1996,june,0.217,1996-06
1996,july,0.325,1996-07
1996,august,0.351,1996-08
1996,september,0.205,1996-09
1996,october,0.128,1996-10
1996,november,0.316,1996-11
1996,december,0.323,1996-12
1997,january,0.249,1997-01
1997,february,0.304,1997-02
1997,march,0.397,1997-03
1997,april,0.378,1997-04
1997,may,0.317,1997-05
1997,june,0.492,1997-06
1997,july,0.346,1997-07
1997,august,0.406,1997-08
1997,september,0.467,1997-09
1997,october,0.572,1997-10
1997,november,0.616,1997-11
1997,december,0.524,1997-12
1998,january,0.563,1998-01
1998,february,0.797,1998-02
1998,march,0.589,1998-03
1998,april,0.651,1998-04
1998,may,0.639,1998-05
1998,june,0.668,1998-06
1998,july,0.659,1998-07
1998,august,0.645,1998-08
1998,september,0.435,1998-09
1998,october,0.411,1998-10
1998,november,0.382,1998-11
1998,december,0.488,1998-12
1999,january,0.387,1999-01
1999,february,0.604,1999-02
1999,march,0.264,1999-03
1999,april,0.269,1999-04
1999,may,0.248,1999-05
1999,june,0.325,1999-06
1999,july,0.31,1999-07
1999,august,0.303,1999-08
1999,september,0.276,1999-09
1999,october,0.307,1999-10
1999,november,0.287,1999-11
1999,december,0.314,1999-12
2000,january,0.181,2000-01
2000,february,0.499,2000-02
2000,march,0.445,2000-03
2000,april,0.538,2000-04
2000,may,0.306,2000-05
2000,june,0.35,2000-06
2000,july,0.326,2000-07
2000,august,0.375,2000-08
2000,september,0.311,2000-09
2000,october,0.195,2000-10
2000,november,0.245,2000-11
2000,december,0.202,2000-12
2001,january,0.364,2001-01
2001,february,0.392,2001-02
2001,march,0.52,2001-03
2001,april,0.453,2001-04
2001,may,0.489,2001-05
2001,june,0.446,2001-06
2001,july,0.509,2001-07
2001,august,0.507,2001-08
2001,september,0.493,2001-09
2001,october,0.464,2001-10
2001,november,0.692,2001-11
2001,december,0.542,2001-12
2002,january,0.647,2002-01
2002,february,0.643,2002-02
2002,march,0.799,2002-03
2002,april,0.568,2002-04
2002,may,0.503,2002-05
2002,june,0.449,2002-06
2002,july,0.569,2002-07
2002,august,0.498,2002-08
2002,september,0.502,2002-09
2002,october,0.5,2002-10
2002,november,0.494,2002-11
2002,december,0.347,2002-12
2003,january,0.654,2003-01
2003,february,0.486,2003-02
2003,march,0.484,2003-03
2003,april,0.473,2003-04
2003,may,0.522,2003-05
2003,june,0.425,2003-06
2003,july,0.484,2003-07
2003,august,0.612,2003-08
2003,september,0.575,2003-09
2003,october,0.657,2003-10
2003,november,0.499,2003-11
2003,december,0.66,2003-12
2004,january,0.509,2004-01
2004,february,0.635,2004-02
2004,march,0.528,2004-03
2004,april,0.523,2004-04
2004,may,0.351,2004-05
2004,june,0.311,2004-06
2004,july,0.237,2004-07
2004,august,0.458,2004-08
2004,september,0.467,2004-09
2004,october,0.523,2004-10
2004,november,0.651,2004-11
2004,december,0.415,2004-12
2005,january,0.65,2005-01
2005,february,0.534,2005-02
2005,march,0.646,2005-03
2005,april,0.632,2005-04
2005,may,0.553,2005-05
2005,june,0.569,2005-06
2005,july,0.555,2005-07
2005,august,0.581,2005-08
2005,september,0.634,2005-09
2005,october,0.684,2005-10
2005,november,0.643,2005-11
2005,december,0.601,2005-12
2006,january,0.5,2006-01
2006,february,0.646,2006-02
2006,march,0.544,2006-03
2006,april,0.486,2006-04
2006,may,0.472,2006-05
2006,june,0.572,2006-06
2006,july,0.476,2006-07
2006,august,0.633,2006-08
2006,september,0.55,2006-09
2006,october,0.614,2006-10
2006,november,0.661,2006-11
2006,december,0.717,2006-12
2007,january,0.893,2007-01
2007,february,0.64,2007-02
2007,march,0.592,2007-03
2007,april,0.726,2007-04
2007,may,0.58,2007-05
2007,june,0.501,2007-06
2007,july,0.563,2007-07
2007,august,0.584,2007-08
2007,september,0.508,2007-09
2007,october,0.559,2007-10
2007,november,0.536,2007-11
2007,december,0.419,2007-12
2008,january,0.21,2008-01
2008,february,0.269,2008-02
2008,march,0.614,2008-03
2008,april,0.448,2008-04
2008,may,0.432,2008-05
2008,june,0.384,2008-06
2008,july,0.534,2008-07
2008,august,0.453,2008-08
2008,september,0.548,2008-09
2008,october,0.591,2008-10
2008,november,0.632,2008-11
2008,december,0.472,2008-12
2009,january,0.59,2009-01
2009,february,0.471,2009-02
2009,march,0.447,2009-03
2009,april,0.528,2009-04
2009,may,0.55,2009-05
2009,june,0.623,2009-06
2009,july,0.681,2009-07
2009,august,0.622,2009-08
2009,september,0.682,2009-09
2009,october,0.62,2009-10
2009,november,0.706,2009-11
2009,december,0.64,2009-12
2010,january,0.711,2010-01
2010,february,0.79,2010-02
2010,march,0.86,2010-03
2010,april,0.834,2010-04
2010,may,0.715,2010-05
2010,june,0.645,2010-06
2010,july,0.617,2010-07
2010,august,0.615,2010-08
2010,september,0.564,2010-09
2010,october,0.642,2010-10
2010,november,0.735,2010-11
2010,december,0.437,2010-12
2011,january,0.457,2011-01
2011,february,0.429,2011-02
2011,march,0.556,2011-03
2011,april,0.602,2011-04
2011,may,0.443,2011-05
2011,june,0.548,2011-06
2011,july,0.645,2011-07
2011,august,0.651,2011-08
2011,september,0.538,2011-09
2011,october,0.576,2011-10
2011,november,0.511,2011-11
2011,december,0.495,2011-12
2012,january,0.37,2012-01
2012,february,0.465,2012-02
2012,march,0.421,2012-03
2012,april,0.61,2012-04
2012,may,0.659,2012-05
2012,june,0.629,2012-06
2012,july,0.568,2012-07
2012,august,0.645,2012-08
2012,september,0.648,2012-09
2012,october,0.732,2012-10
2012,november,0.721,2012-11
2012,december,0.464,2012-12
2013,january,0.608,2013-01
2013,february,0.527,2013-02
2013,march,0.583,2013-03
2013,april,0.575,2013-04
2013,may,0.557,2013-05
2013,june,0.659,2013-06
2013,july,0.589,2013-07
2013,august,0.635,2013-08
2013,september,0.722,2013-09
2013,october,0.65,2013-10
2013,november,0.77,2013-11
2013,december,0.608,2013-12
2014,january,0.67,2014-01
2014,february,0.491,2014-02
2014,march,0.695,2014-03
2014,april,0.736,2014-04
2014,may,0.737,2014-05
2014,june,0.617,2014-06
2014,july,0.581,2014-07
2014,august,0.734,2014-08
2014,september,0.757,2014-09
2014,october,0.742,2014-10
2014,november,0.63,2014-11
2014,december,0.685,2014-12
2015,january,0.74,2015-01
2015,february,0.782,2015-02
2015,march,0.795,2015-03
2015,april,0.701,2015-04
2015,may,0.731,2015-05
2015,june,0.76,2015-06
2015,july,0.715,2015-07
2015,august,0.799,2015-08
2015,september,0.826,2015-09
2015,october,1.015,2015-10
2015,november,0.996,2015-11
2015,december,1.042,2015-12
2016,january,1.088,2016-01
2016,february,1.224,2016-02
2016,march,1.182,2016-03
2016,april,1.03,2016-04
2016,may,0.88,2016-05
2016,june,0.777,2016-06
2016,july,0.778,2016-07
2016,august,0.949,2016-08
2016,september,0.846,2016-09
2016,october,0.819,2016-10
2016,november,0.844,2016-11
2016,december,0.779,2016-12
2017,january,0.952,2017-01
2017,february,1.067,2017-02
2017,march,1.065,2017-03
2017,april,0.846,2017-04
2017,may,0.78,2017-05
2017,june,0.658,2017-06
2017,july,0.805,2017-07
2017,august,0.811,2017-08
2017,september,0.729,2017-09
2017,october,0.809,2017-10
2017,november,0.806,2017-11
2017,december,0.815,2017-12
2018,january,0.711,2018-01
2018,february,0.796,2018-02
2018,march,0.79,2018-03
2018,april,0.822,2018-04
2018,may,0.713,2018-05
2018,june,0.738,2018-06
2018,july,0.733,2018-07
2018,august,0.735,2018-08
2018,september,0.676,2018-09
2018,october,0.869,2018-10
2018,november,0.745,2018-11
2018,december,0.824,2018-12
2019,january,0.8,2019-01
2019,february,0.844,2019-02
2019,march,1.076,2019-03
2019,april,0.939,2019-04
2019,may,0.778,2019-05
2019,june,0.809,2019-06
2019,july,0.857,2019-07
2019,august,0.858,2019-08
2019,september,0.803,2019-09
2019,october,0.956,2019-10
2019,november,0.937,2019-11
2019,december,1.037,2019-12
2020,january,1.069,2020-01
2020,february,1.113,2020-02
2020,march,1.094,2020-03
2020,april,1.063,2020-04
2020,may,0.908,2020-05
2020,june,0.825,2020-06
2020,july,0.816,2020-07
2020,august,0.801,2020-08
2020,september,0.867,2020-09
2020,october,0.811,2020-10
2020,november,1.013,2020-11
2020,december,0.693,2020-12
2021,january,0.701,2021-01
2021,february,0.565,2021-02
2021,march,0.726,2021-03
2021,april,0.76,2021-04
2021,may,0.706,2021-05
2021,june,0.713,2021-06
2021,july,0.792,2021-07
2021,august,0.799,2021-08
2021,september,0.867,2021-09
2021,october,0.907,2021-10
2021,november,0.854,2021-11
2021,december,0.751,2021-12
2022,january,0.779,2022-01
2022,february,0.764,2022-02
2022,march,0.89,2022-03
2022,april,0.77,2022-04
2022,may,0.761,2022-05
2022,june,0.858,2022-06
2022,july,0.778,2022-07
2022,august,0.853,2022-08
2022,september,0.79,2022-09
2022,october,0.929,2022-10
2022,november,0.675,2022-11
2022,december,0.768,2022-12
2023,january,0.779,2023-01
2023,february,0.872,2023-02
2023,march,1.124,2023-03
2023,april,0.927,2023-04
2023,may,0.871,2023-05
2023,june,1.052,2023-06
2023,july,1.15,2023-07
2023,august,1.199,2023-08
2023,september,1.347,2023-09
